clade_name	M00574-TRU-20230125_output	M00580_TRU_20230913_output
k__Bacteria	99.71137	100.0
k__Archaea	0.28863	0.0
k__Bacteria|p__Firmicutes	48.24915	39.76624
k__Bacteria|p__Tenericutes	18.44354	0.0
k__Bacteria|p__Verrucomicrobia	16.13116	0.0
k__Bacteria|p__Bacteroidetes	12.31133	55.16447
k__Bacteria|p__Actinobacteria	3.69871	0.95067
k__Bacteria|p__Proteobacteria	0.87748	2.61375
k__Archaea|p__Candidatus_Thermoplasmatota	0.28863	0.0
k__Bacteria|p__Firmicutes|c__Clostridia	23.11953	21.42766
k__Bacteria|p__Tenericutes|c__CFGB343	18.44354	0.0
k__Bacteria|p__Verrucomicrobia|c__Verrucomicrobiae	16.13116	0.0
k__Bacteria|p__Bacteroidetes|c__Bacteroidia	12.31133	52.70838
k__Bacteria|p__Firmicutes|c__Bacilli	6.19009	10.92762
k__Bacteria|p__Firmicutes|c__CFGB2982	4.35436	0.0
k__Bacteria|p__Firmicutes|c__CFGB2985	3.38497	0.0
k__Bacteria|p__Firmicutes|c__CFGB73062	3.1046	0.15164
k__Bacteria|p__Actinobacteria|c__Actinomycetia	2.52379	0.0
k__Bacteria|p__Firmicutes|c__CFGB2983	1.99831	0.0
k__Bacteria|p__Firmicutes|c__CFGB4806	1.97647	1.14972
k__Bacteria|p__Firmicutes|c__CFGB2979	1.32888	0.0
k__Bacteria|p__Actinobacteria|c__Coriobacteriia	1.17492	0.95067
k__Bacteria|p__Firmicutes|c__CFGB38642	0.93682	0.0
k__Bacteria|p__Proteobacteria|c__Betaproteobacteria	0.87748	0.77234
k__Bacteria|p__Firmicutes|c__CFGB10477	0.67639	0.0
k__Archaea|p__Candidatus_Thermoplasmatota|c__Thermoplasmata	0.28863	0.0
k__Bacteria|p__Firmicutes|c__CFGB76360	0.04743	0.0
k__Bacteria|p__Firmicutes|c__Clostridia|o__Eubacteriales	19.66265	21.42766
k__Bacteria|p__Tenericutes|c__CFGB343|o__OFGB343	18.44354	0.0
k__Bacteria|p__Verrucomicrobia|c__Verrucomicrobiae|o__Verrucomicrobiales	16.13116	0.0
k__Bacteria|p__Bacteroidetes|c__Bacteroidia|o__Bacteroidales	12.31133	52.70838
k__Bacteria|p__Firmicutes|c__Bacilli|o__Lactobacillales	6.19009	10.92762
k__Bacteria|p__Firmicutes|c__CFGB2982|o__OFGB2982	4.35436	0.0
k__Bacteria|p__Firmicutes|c__Clostridia|o__Clostridiales	3.45688	0.0
k__Bacteria|p__Firmicutes|c__CFGB2985|o__OFGB2985	3.38497	0.0
k__Bacteria|p__Firmicutes|c__CFGB73062|o__OFGB73062	3.1046	0.15164
k__Bacteria|p__Actinobacteria|c__Actinomycetia|o__Bifidobacteriales	2.52379	0.0
k__Bacteria|p__Firmicutes|c__CFGB2983|o__OFGB2983	1.99831	0.0
k__Bacteria|p__Firmicutes|c__CFGB4806|o__OFGB4806	1.97647	1.14972
k__Bacteria|p__Firmicutes|c__CFGB2979|o__OFGB2979	1.32888	0.0
k__Bacteria|p__Actinobacteria|c__Coriobacteriia|o__Eggerthellales	1.17492	0.0
k__Bacteria|p__Firmicutes|c__CFGB38642|o__OFGB38642	0.93682	0.0
k__Bacteria|p__Proteobacteria|c__Betaproteobacteria|o__Burkholderiales	0.87748	0.77234
k__Bacteria|p__Firmicutes|c__CFGB10477|o__OFGB10477	0.67639	0.0
k__Archaea|p__Candidatus_Thermoplasmatota|c__Thermoplasmata|o__Methanomassiliicoccales	0.28863	0.0
k__Bacteria|p__Firmicutes|c__CFGB76360|o__OFGB76360	0.04743	0.0
k__Bacteria|p__Tenericutes|c__CFGB343|o__OFGB343|f__FGB343	18.44354	0.0
k__Bacteria|p__Verrucomicrobia|c__Verrucomicrobiae|o__Verrucomicrobiales|f__Akkermansiaceae	16.13116	0.0
k__Bacteria|p__Firmicutes|c__Clostridia|o__Eubacteriales|f__Lachnospiraceae	13.28561	5.13702
k__Bacteria|p__Bacteroidetes|c__Bacteroidia|o__Bacteroidales|f__Rikenellaceae	9.8697	1.71034
k__Bacteria|p__Firmicutes|c__Bacilli|o__Lactobacillales|f__Lactobacillaceae	6.19009	2.01296
k__Bacteria|p__Firmicutes|c__Clostridia|o__Eubacteriales|f__Oscillospiraceae	5.77316	13.74012
k__Bacteria|p__Firmicutes|c__CFGB2982|o__OFGB2982|f__FGB2982	4.35436	0.0
k__Bacteria|p__Firmicutes|c__Clostridia|o__Clostridiales|f__Ruminococcaceae	3.45688	0.0
k__Bacteria|p__Firmicutes|c__CFGB2985|o__OFGB2985|f__FGB2985	3.38497	0.0
k__Bacteria|p__Firmicutes|c__CFGB73062|o__OFGB73062|f__FGB73062	3.1046	0.15164
k__Bacteria|p__Actinobacteria|c__Actinomycetia|o__Bifidobacteriales|f__Bifidobacteriaceae	2.52379	0.0
k__Bacteria|p__Bacteroidetes|c__Bacteroidia|o__Bacteroidales|f__Bacteroidaceae	2.21566	3.29326
k__Bacteria|p__Firmicutes|c__CFGB2983|o__OFGB2983|f__FGB2983	1.99831	0.0
k__Bacteria|p__Firmicutes|c__CFGB4806|o__OFGB4806|f__FGB4806	1.97647	1.14972
k__Bacteria|p__Firmicutes|c__CFGB2979|o__OFGB2979|f__FGB2979	1.32888	0.0
k__Bacteria|p__Actinobacteria|c__Coriobacteriia|o__Eggerthellales|f__Eggerthellaceae	1.17492	0.0
k__Bacteria|p__Firmicutes|c__CFGB38642|o__OFGB38642|f__FGB38642	0.93682	0.0
k__Bacteria|p__Proteobacteria|c__Betaproteobacteria|o__Burkholderiales|f__Sutterellaceae	0.87748	0.29553
k__Bacteria|p__Firmicutes|c__CFGB10477|o__OFGB10477|f__FGB10477	0.67639	0.0
k__Bacteria|p__Firmicutes|c__Clostridia|o__Eubacteriales|f__Eubacteriales_unclassified	0.60388	0.0
k__Archaea|p__Candidatus_Thermoplasmatota|c__Thermoplasmata|o__Methanomassiliicoccales|f__Methanomassiliicoccaceae	0.28863	0.0
k__Bacteria|p__Bacteroidetes|c__Bacteroidia|o__Bacteroidales|f__Tannerellaceae	0.22598	1.32254
k__Bacteria|p__Firmicutes|c__CFGB76360|o__OFGB76360|f__FGB76360	0.04743	0.0
k__Bacteria|p__Tenericutes|c__CFGB343|o__OFGB343|f__FGB343|g__GGB781	18.44354	0.0
k__Bacteria|p__Verrucomicrobia|c__Verrucomicrobiae|o__Verrucomicrobiales|f__Akkermansiaceae|g__Akkermansia	16.13116	0.0
k__Bacteria|p__Firmicutes|c__Clostridia|o__Eubacteriales|f__Lachnospiraceae|g__Lachnospira	10.63619	0.0
k__Bacteria|p__Bacteroidetes|c__Bacteroidia|o__Bacteroidales|f__Rikenellaceae|g__GGB1680	8.57614	0.0
k__Bacteria|p__Firmicutes|c__Bacilli|o__Lactobacillales|f__Lactobacillaceae|g__GGB4567	6.02929	0.0
k__Bacteria|p__Firmicutes|c__CFGB2982|o__OFGB2982|f__FGB2982|g__GGB9342	4.35436	0.0
k__Bacteria|p__Firmicutes|c__Clostridia|o__Clostridiales|f__Ruminococcaceae|g__Candidatus_Cibionibacter	3.45688	0.0
k__Bacteria|p__Firmicutes|c__CFGB2985|o__OFGB2985|f__FGB2985|g__GGB9350	3.38497	0.0
k__Bacteria|p__Firmicutes|c__CFGB73062|o__OFGB73062|f__FGB73062|g__GGB9058	3.1046	0.0
k__Bacteria|p__Firmicutes|c__Clostridia|o__Eubacteriales|f__Oscillospiraceae|g__Ruminococcus	3.01366	0.0
k__Bacteria|p__Actinobacteria|c__Actinomycetia|o__Bifidobacteriales|f__Bifidobacteriaceae|g__Bifidobacterium	2.52379	0.0
k__Bacteria|p__Firmicutes|c__Clostridia|o__Eubacteriales|f__Lachnospiraceae|g__Coprococcus	2.18707	0.0
k__Bacteria|p__Firmicutes|c__CFGB2983|o__OFGB2983|f__FGB2983|g__GGB9343	1.99831	0.0
k__Bacteria|p__Firmicutes|c__CFGB4806|o__OFGB4806|f__FGB4806|g__GGB51647	1.97647	1.14972
k__Bacteria|p__Firmicutes|c__Clostridia|o__Eubacteriales|f__Oscillospiraceae|g__Faecalibacterium	1.85493	9.74074
k__Bacteria|p__Firmicutes|c__CFGB2979|o__OFGB2979|f__FGB2979|g__GGB40351	1.32888	0.0
k__Bacteria|p__Bacteroidetes|c__Bacteroidia|o__Bacteroidales|f__Rikenellaceae|g__Alistipes	1.29356	1.71034
k__Bacteria|p__Bacteroidetes|c__Bacteroidia|o__Bacteroidales|f__Bacteroidaceae|g__Bacteroides	1.28503	0.17804
k__Bacteria|p__Actinobacteria|c__Coriobacteriia|o__Eggerthellales|f__Eggerthellaceae|g__GGB4671	1.17492	0.0
k__Bacteria|p__Firmicutes|c__CFGB9119|o__OFGB9119|f__FGB9119|g__GGB4651	1.13131	0.0
k__Bacteria|p__Firmicutes|c__CFGB38642|o__OFGB38642|f__FGB38642|g__GGB9758	0.93682	0.0
k__Bacteria|p__Bacteroidetes|c__Bacteroidia|o__Bacteroidales|f__Bacteroidaceae|g__Phocaeicola	0.93062	3.11522
k__Bacteria|p__Proteobacteria|c__Betaproteobacteria|o__Burkholderiales|f__Sutterellaceae|g__GGB9334	0.87748	0.0
k__Bacteria|p__Firmicutes|c__Clostridia|o__Eubacteriales|f__Oscillospiraceae|g__GGB9668	0.76531	0.0
k__Bacteria|p__Firmicutes|c__CFGB10477|o__OFGB10477|f__FGB10477|g__GGB9345	0.67639	0.0
k__Bacteria|p__Firmicutes|c__Clostridia|o__Eubacteriales|f__Eubacteriales_unclassified|g__Gemmiger	0.60388	0.0
k__Bacteria|p__Firmicutes|c__Clostridia|o__Eubacteriales|f__Lachnospiraceae|g__GGB9176	0.46234	0.0
k__Archaea|p__Candidatus_Thermoplasmatota|c__Thermoplasmata|o__Methanomassiliicoccales|f__Methanomassiliicoccaceae|g__Methanomassiliicoccus	0.28863	0.0
k__Bacteria|p__Bacteroidetes|c__Bacteroidia|o__Bacteroidales|f__Tannerellaceae|g__Parabacteroides	0.22598	0.0
k__Bacteria|p__Firmicutes|c__Bacilli|o__Lactobacillales|f__Lactobacillaceae|g__GGB4559	0.1608	0.0
k__Bacteria|p__Firmicutes|c__Clostridia|o__Eubacteriales|f__Oscillospiraceae|g__GGB33469	0.13926	0.0
k__Bacteria|p__Firmicutes|c__CFGB76360|o__OFGB76360|f__FGB76360|g__GGB4697	0.04743	0.0
k__Bacteria|p__Tenericutes|c__CFGB343|o__OFGB343|f__FGB343|g__GGB781|s__GGB781_SGB1024	18.44354	0.0
k__Bacteria|p__Verrucomicrobia|c__Verrucomicrobiae|o__Verrucomicrobiales|f__Akkermansiaceae|g__Akkermansia|s__Akkermansia_sp_BIOML_A40	16.13116	0.0
k__Bacteria|p__Firmicutes|c__Clostridia|o__Eubacteriales|f__Lachnospiraceae|g__Lachnospira|s__Lachnospira_eligens	8.78394	0.0
k__Bacteria|p__Bacteroidetes|c__Bacteroidia|o__Bacteroidales|f__Rikenellaceae|g__GGB1680|s__GGB1680_SGB2312	8.57614	0.0
k__Bacteria|p__Firmicutes|c__Bacilli|o__Lactobacillales|f__Lactobacillaceae|g__GGB4567|s__GGB4567_SGB6308	6.02929	0.0
k__Bacteria|p__Firmicutes|c__CFGB2982|o__OFGB2982|f__FGB2982|g__GGB9342|s__GGB9342_SGB14306	4.35436	0.0
k__Bacteria|p__Firmicutes|c__Clostridia|o__Clostridiales|f__Ruminococcaceae|g__Candidatus_Cibionibacter|s__Candidatus_Cibionibacter_quicibialis	3.45688	0.0
k__Bacteria|p__Firmicutes|c__CFGB2985|o__OFGB2985|f__FGB2985|g__GGB9350|s__GGB9350_SGB14317	3.38497	0.0
k__Bacteria|p__Firmicutes|c__CFGB73062|o__OFGB73062|f__FGB73062|g__GGB9058|s__GGB9058_SGB13975	3.1046	0.0
k__Bacteria|p__Firmicutes|c__Clostridia|o__Eubacteriales|f__Oscillospiraceae|g__Ruminococcus|s__Ruminococcus_bromii	3.01366	0.0
k__Bacteria|p__Firmicutes|c__Clostridia|o__Eubacteriales|f__Lachnospiraceae|g__Coprococcus|s__Coprococcus_eutactus	2.18707	0.0
k__Bacteria|p__Firmicutes|c__CFGB2983|o__OFGB2983|f__FGB2983|g__GGB9343|s__GGB9343_SGB14307	1.99831	0.0
k__Bacteria|p__Firmicutes|c__CFGB4806|o__OFGB4806|f__FGB4806|g__GGB51647|s__GGB51647_SGB4348	1.97647	1.14972
k__Bacteria|p__Firmicutes|c__Clostridia|o__Eubacteriales|f__Oscillospiraceae|g__Faecalibacterium|s__Faecalibacterium_prausnitzii	1.85493	8.94475
k__Bacteria|p__Actinobacteria|c__Actinomycetia|o__Bifidobacteriales|f__Bifidobacteriaceae|g__Bifidobacterium|s__Bifidobacterium_adolescentis	1.85273	0.0
k__Bacteria|p__Firmicutes|c__Clostridia|o__Eubacteriales|f__Lachnospiraceae|g__Lachnospira|s__Lachnospira_pectinoschiza	1.75671	0.0
k__Bacteria|p__Firmicutes|c__CFGB2979|o__OFGB2979|f__FGB2979|g__GGB40351|s__GGB40351_SGB14301	1.32888	0.0
k__Bacteria|p__Bacteroidetes|c__Bacteroidia|o__Bacteroidales|f__Bacteroidaceae|g__Bacteroides|s__Bacteroides_uniformis	1.28503	0.17804
k__Bacteria|p__Bacteroidetes|c__Bacteroidia|o__Bacteroidales|f__Rikenellaceae|g__Alistipes|s__Alistipes_onderdonkii	1.24228	0.0
k__Bacteria|p__Actinobacteria|c__Coriobacteriia|o__Eggerthellales|f__Eggerthellaceae|g__GGB4671|s__GGB4671_SGB6460	1.17492	0.0
k__Bacteria|p__Firmicutes|c__CFGB9119|o__OFGB9119|f__FGB9119|g__GGB4651|s__GGB4651_SGB6438	1.13131	0.0
k__Bacteria|p__Firmicutes|c__CFGB38642|o__OFGB38642|f__FGB38642|g__GGB9758|s__GGB9758_SGB15368	0.93682	0.0
k__Bacteria|p__Bacteroidetes|c__Bacteroidia|o__Bacteroidales|f__Bacteroidaceae|g__Phocaeicola|s__Phocaeicola_vulgatus	0.93062	1.50379
k__Bacteria|p__Proteobacteria|c__Betaproteobacteria|o__Burkholderiales|f__Sutterellaceae|g__GGB9334|s__GGB9334_SGB14297	0.87748	0.0
k__Bacteria|p__Firmicutes|c__Clostridia|o__Eubacteriales|f__Oscillospiraceae|g__GGB9668|s__GGB9668_SGB15165	0.76531	0.0
k__Bacteria|p__Firmicutes|c__CFGB10477|o__OFGB10477|f__FGB10477|g__GGB9345|s__GGB9345_SGB14311	0.67639	0.0
k__Bacteria|p__Actinobacteria|c__Actinomycetia|o__Bifidobacteriales|f__Bifidobacteriaceae|g__Bifidobacterium|s__Bifidobacterium_animalis	0.67107	0.0
k__Bacteria|p__Firmicutes|c__Clostridia|o__Eubacteriales|f__Eubacteriales_unclassified|g__Gemmiger|s__Gemmiger_formicilis	0.60388	0.0
k__Bacteria|p__Firmicutes|c__Clostridia|o__Eubacteriales|f__Lachnospiraceae|g__GGB9176|s__GGB9176_SGB14114	0.46234	0.0
k__Archaea|p__Candidatus_Thermoplasmatota|c__Thermoplasmata|o__Methanomassiliicoccales|f__Methanomassiliicoccaceae|g__Methanomassiliicoccus|s__Methanomassiliicoccus_luminyensis	0.28863	0.0
k__Bacteria|p__Bacteroidetes|c__Bacteroidia|o__Bacteroidales|f__Tannerellaceae|g__Parabacteroides|s__Parabacteroides_merdae	0.22598	0.0
k__Bacteria|p__Firmicutes|c__Bacilli|o__Lactobacillales|f__Lactobacillaceae|g__GGB4559|s__GGB4559_SGB6293	0.1608	0.0
k__Bacteria|p__Firmicutes|c__Clostridia|o__Eubacteriales|f__Oscillospiraceae|g__GGB33469|s__GGB33469_SGB15236	0.13926	0.0
k__Bacteria|p__Firmicutes|c__Clostridia|o__Eubacteriales|f__Lachnospiraceae|g__Lachnospira|s__Lachnospira_sp_NSJ_43	0.09554	0.0
k__Bacteria|p__Bacteroidetes|c__Bacteroidia|o__Bacteroidales|f__Rikenellaceae|g__Alistipes|s__Alistipes_putredinis	0.05128	1.34413
k__Bacteria|p__Firmicutes|c__CFGB76360|o__OFGB76360|f__FGB76360|g__GGB4697|s__GGB4697_SGB6497	0.04743	0.0
k__Bacteria|p__Tenericutes|c__CFGB343|o__OFGB343|f__FGB343|g__GGB781|s__GGB781_SGB1024|t__SGB1024	18.44354	0.0
k__Bacteria|p__Verrucomicrobia|c__Verrucomicrobiae|o__Verrucomicrobiales|f__Akkermansiaceae|g__Akkermansia|s__Akkermansia_sp_BIOML_A40|t__SGB9223	16.13116	0.0
k__Bacteria|p__Firmicutes|c__Clostridia|o__Eubacteriales|f__Lachnospiraceae|g__Lachnospira|s__Lachnospira_eligens|t__SGB5082	8.78394	0.0
k__Bacteria|p__Bacteroidetes|c__Bacteroidia|o__Bacteroidales|f__Rikenellaceae|g__GGB1680|s__GGB1680_SGB2312|t__SGB2312	8.57614	0.0
k__Bacteria|p__Firmicutes|c__Bacilli|o__Lactobacillales|f__Lactobacillaceae|g__GGB4567|s__GGB4567_SGB6308|t__SGB6308	6.02929	0.0
k__Bacteria|p__Firmicutes|c__CFGB2982|o__OFGB2982|f__FGB2982|g__GGB9342|s__GGB9342_SGB14306|t__SGB14306	4.35436	0.0
k__Bacteria|p__Firmicutes|c__Clostridia|o__Clostridiales|f__Ruminococcaceae|g__Candidatus_Cibionibacter|s__Candidatus_Cibionibacter_quicibialis|t__SGB15286	3.45688	0.0
k__Bacteria|p__Firmicutes|c__CFGB2985|o__OFGB2985|f__FGB2985|g__GGB9350|s__GGB9350_SGB14317|t__SGB14317	3.38497	0.0
k__Bacteria|p__Firmicutes|c__CFGB73062|o__OFGB73062|f__FGB73062|g__GGB9058|s__GGB9058_SGB13975|t__SGB13975	3.1046	0.0
k__Bacteria|p__Firmicutes|c__Clostridia|o__Eubacteriales|f__Oscillospiraceae|g__Ruminococcus|s__Ruminococcus_bromii|t__SGB4285	3.01366	0.0
k__Bacteria|p__Firmicutes|c__Clostridia|o__Eubacteriales|f__Lachnospiraceae|g__Coprococcus|s__Coprococcus_eutactus|t__SGB5117	2.18707	0.0
k__Bacteria|p__Firmicutes|c__CFGB2983|o__OFGB2983|f__FGB2983|g__GGB9343|s__GGB9343_SGB14307|t__SGB14307	1.99831	0.0
k__Bacteria|p__Firmicutes|c__CFGB4806|o__OFGB4806|f__FGB4806|g__GGB51647|s__GGB51647_SGB4348|t__SGB4348	1.97647	1.14972
k__Bacteria|p__Firmicutes|c__Clostridia|o__Eubacteriales|f__Oscillospiraceae|g__Faecalibacterium|s__Faecalibacterium_prausnitzii|t__SGB15322	1.85493	0.0
k__Bacteria|p__Actinobacteria|c__Actinomycetia|o__Bifidobacteriales|f__Bifidobacteriaceae|g__Bifidobacterium|s__Bifidobacterium_adolescentis|t__SGB17244_group	1.85273	0.0
k__Bacteria|p__Firmicutes|c__Clostridia|o__Eubacteriales|f__Lachnospiraceae|g__Lachnospira|s__Lachnospira_pectinoschiza|t__SGB5075	1.75671	0.0
k__Bacteria|p__Firmicutes|c__CFGB2979|o__OFGB2979|f__FGB2979|g__GGB40351|s__GGB40351_SGB14301|t__SGB14301	1.32888	0.0
k__Bacteria|p__Bacteroidetes|c__Bacteroidia|o__Bacteroidales|f__Bacteroidaceae|g__Bacteroides|s__Bacteroides_uniformis|t__SGB1836	1.28503	0.17804
k__Bacteria|p__Bacteroidetes|c__Bacteroidia|o__Bacteroidales|f__Rikenellaceae|g__Alistipes|s__Alistipes_onderdonkii|t__SGB2303	1.24228	0.0
k__Bacteria|p__Actinobacteria|c__Coriobacteriia|o__Eggerthellales|f__Eggerthellaceae|g__GGB4671|s__GGB4671_SGB6460|t__SGB6460	1.17492	0.0
k__Bacteria|p__Firmicutes|c__CFGB9119|o__OFGB9119|f__FGB9119|g__GGB4651|s__GGB4651_SGB6438|t__SGB6438	1.13131	0.0
k__Bacteria|p__Firmicutes|c__CFGB38642|o__OFGB38642|f__FGB38642|g__GGB9758|s__GGB9758_SGB15368|t__SGB15368	0.93682	0.0
k__Bacteria|p__Bacteroidetes|c__Bacteroidia|o__Bacteroidales|f__Bacteroidaceae|g__Phocaeicola|s__Phocaeicola_vulgatus|t__SGB1814	0.93062	1.50379
k__Bacteria|p__Proteobacteria|c__Betaproteobacteria|o__Burkholderiales|f__Sutterellaceae|g__GGB9334|s__GGB9334_SGB14297|t__SGB14297	0.87748	0.0
k__Bacteria|p__Firmicutes|c__Clostridia|o__Eubacteriales|f__Oscillospiraceae|g__GGB9668|s__GGB9668_SGB15165|t__SGB15165	0.76531	0.0
k__Bacteria|p__Firmicutes|c__CFGB10477|o__OFGB10477|f__FGB10477|g__GGB9345|s__GGB9345_SGB14311|t__SGB14311	0.67639	0.0
k__Bacteria|p__Actinobacteria|c__Actinomycetia|o__Bifidobacteriales|f__Bifidobacteriaceae|g__Bifidobacterium|s__Bifidobacterium_animalis|t__SGB17278	0.67107	0.0
k__Bacteria|p__Firmicutes|c__Clostridia|o__Eubacteriales|f__Eubacteriales_unclassified|g__Gemmiger|s__Gemmiger_formicilis|t__SGB15300	0.60388	0.0
k__Bacteria|p__Firmicutes|c__Clostridia|o__Eubacteriales|f__Lachnospiraceae|g__GGB9176|s__GGB9176_SGB14114|t__SGB14114	0.46234	0.0
k__Archaea|p__Candidatus_Thermoplasmatota|c__Thermoplasmata|o__Methanomassiliicoccales|f__Methanomassiliicoccaceae|g__Methanomassiliicoccus|s__Methanomassiliicoccus_luminyensis|t__SGB33442	0.28863	0.0
k__Bacteria|p__Bacteroidetes|c__Bacteroidia|o__Bacteroidales|f__Tannerellaceae|g__Parabacteroides|s__Parabacteroides_merdae|t__SGB1949	0.22598	0.0
k__Bacteria|p__Firmicutes|c__Bacilli|o__Lactobacillales|f__Lactobacillaceae|g__GGB4559|s__GGB4559_SGB6293|t__SGB6293	0.1608	0.0
k__Bacteria|p__Firmicutes|c__Clostridia|o__Eubacteriales|f__Oscillospiraceae|g__GGB33469|s__GGB33469_SGB15236|t__SGB15236	0.13926	0.0
k__Bacteria|p__Firmicutes|c__Clostridia|o__Eubacteriales|f__Lachnospiraceae|g__Lachnospira|s__Lachnospira_sp_NSJ_43|t__SGB5087	0.09554	0.0
k__Bacteria|p__Bacteroidetes|c__Bacteroidia|o__Bacteroidales|f__Rikenellaceae|g__Alistipes|s__Alistipes_putredinis|t__SGB2318	0.05128	1.34413
k__Bacteria|p__Firmicutes|c__CFGB76360|o__OFGB76360|f__FGB76360|g__GGB4697|s__GGB4697_SGB6497|t__SGB6497	0.04743	0.0
k__Bacteria|p__Spirochaetes	0.0	1.50487
k__Bacteria|p__Firmicutes|c__Negativicutes	0.0	2.23926
k__Bacteria|p__Bacteroidetes|c__CFGB629	0.0	1.98997
k__Bacteria|p__Spirochaetes|c__CFGB9016	0.0	1.50487
k__Bacteria|p__Proteobacteria|c__Gammaproteobacteria	0.0	1.34095
k__Bacteria|p__Proteobacteria|c__Alphaproteobacteria	0.0	0.50046
k__Bacteria|p__Bacteroidetes|c__CFGB529	0.0	0.46612
k__Bacteria|p__Firmicutes|c__Firmicutes_unclassified	0.0	0.28557
k__Bacteria|p__Firmicutes|c__CFGB1798	0.0	0.16253
k__Bacteria|p__Firmicutes|c__CFGB2947	0.0	0.06596
k__Bacteria|p__Firmicutes|c__CFGB76783	0.0	0.05441
k__Bacteria|p__Firmicutes|c__Negativicutes|o__Veillonellales	0.0	2.23926
k__Bacteria|p__Bacteroidetes|c__CFGB629|o__OFGB629	0.0	1.98997
k__Bacteria|p__Spirochaetes|c__CFGB9016|o__OFGB9016	0.0	1.50487
k__Bacteria|p__Proteobacteria|c__Gammaproteobacteria|o__Enterobacterales	0.0	1.01153
k__Bacteria|p__Actinobacteria|c__Coriobacteriia|o__Coriobacteriales	0.0	0.95067
k__Bacteria|p__Proteobacteria|c__Alphaproteobacteria|o__Hyphomicrobiales	0.0	0.50046
k__Bacteria|p__Bacteroidetes|c__CFGB529|o__OFGB529	0.0	0.46612
k__Bacteria|p__Proteobacteria|c__Gammaproteobacteria|o__Pseudomonadales	0.0	0.32942
k__Bacteria|p__Firmicutes|c__Firmicutes_unclassified|o__Firmicutes_unclassified	0.0	0.28557
k__Bacteria|p__Firmicutes|c__CFGB1798|o__OFGB1798	0.0	0.16253
k__Bacteria|p__Firmicutes|c__CFGB2947|o__OFGB2947	0.0	0.06596
k__Bacteria|p__Firmicutes|c__CFGB76783|o__OFGB76783	0.0	0.05441
k__Bacteria|p__Bacteroidetes|c__Bacteroidia|o__Bacteroidales|f__Prevotellaceae	0.0	46.1204
k__Bacteria|p__Firmicutes|c__Bacilli|o__Lactobacillales|f__Streptococcaceae	0.0	8.91466
k__Bacteria|p__Firmicutes|c__Negativicutes|o__Veillonellales|f__Veillonellaceae	0.0	2.23926
k__Bacteria|p__Bacteroidetes|c__CFGB629|o__OFGB629|f__FGB629	0.0	1.98997
k__Bacteria|p__Firmicutes|c__Clostridia|o__Eubacteriales|f__Clostridiaceae	0.0	1.90461
k__Bacteria|p__Spirochaetes|c__CFGB9016|o__OFGB9016|f__FGB9016	0.0	1.50487
k__Bacteria|p__Proteobacteria|c__Gammaproteobacteria|o__Enterobacterales|f__Enterobacteriaceae	0.0	1.01153
k__Bacteria|p__Actinobacteria|c__Coriobacteriia|o__Coriobacteriales|f__Coriobacteriaceae	0.0	0.95067
k__Bacteria|p__Proteobacteria|c__Alphaproteobacteria|o__Hyphomicrobiales|f__Brucellaceae	0.0	0.50046
k__Bacteria|p__Proteobacteria|c__Betaproteobacteria|o__Burkholderiales|f__Oxalobacteraceae	0.0	0.47681
k__Bacteria|p__Bacteroidetes|c__CFGB529|o__OFGB529|f__FGB529	0.0	0.46612
k__Bacteria|p__Proteobacteria|c__Gammaproteobacteria|o__Pseudomonadales|f__Pseudomonadaceae	0.0	0.32942
k__Bacteria|p__Firmicutes|c__Firmicutes_unclassified|o__Firmicutes_unclassified|f__Firmicutes_unclassified	0.0	0.28557
k__Bacteria|p__Bacteroidetes|c__Bacteroidia|o__Bacteroidales|f__Odoribacteraceae	0.0	0.26184
k__Bacteria|p__Firmicutes|c__CFGB1798|o__OFGB1798|f__FGB1798	0.0	0.16253
k__Bacteria|p__Firmicutes|c__CFGB2947|o__OFGB2947|f__FGB2947	0.0	0.06596
k__Bacteria|p__Firmicutes|c__CFGB76783|o__OFGB76783|f__FGB76783	0.0	0.05441
k__Bacteria|p__Bacteroidetes|c__Bacteroidia|o__Bacteroidales|f__Prevotellaceae|g__Prevotella	0.0	26.36871
k__Bacteria|p__Bacteroidetes|c__Bacteroidia|o__Bacteroidales|f__Prevotellaceae|g__GGB1146	0.0	15.68394
k__Bacteria|p__Firmicutes|c__Bacilli|o__Lactobacillales|f__Streptococcaceae|g__Streptococcus	0.0	8.91466
k__Bacteria|p__Firmicutes|c__CFGB1778|o__OFGB1778|f__FGB1778|g__GGB4713	0.0	3.30186
k__Bacteria|p__Bacteroidetes|c__Bacteroidia|o__Bacteroidales|f__Prevotellaceae|g__GGB1247	0.0	3.19885
k__Bacteria|p__Firmicutes|c__Clostridia|o__Eubacteriales|f__Lachnospiraceae|g__Roseburia	0.0	2.64907
k__Bacteria|p__Firmicutes|c__Negativicutes|o__Veillonellales|f__Veillonellaceae|g__Dialister	0.0	2.23926
k__Bacteria|p__Firmicutes|c__Clostridia|o__Eubacteriales|f__Oscillospiraceae|g__GGB9635	0.0	2.04671
k__Bacteria|p__Bacteroidetes|c__CFGB629|o__OFGB629|f__FGB629|g__GGB1495	0.0	1.98997
k__Bacteria|p__Spirochaetes|c__CFGB9016|o__OFGB9016|f__FGB9016|g__GGB10690	0.0	1.50487
k__Bacteria|p__Bacteroidetes|c__Bacteroidia|o__Bacteroidales|f__Tannerellaceae|g__GGB1407	0.0	1.32254
k__Bacteria|p__Firmicutes|c__Clostridia|o__Eubacteriales|f__Clostridiaceae|g__Clostridiaceae_unclassified	0.0	1.06248
k__Bacteria|p__Firmicutes|c__Bacilli|o__Lactobacillales|f__Lactobacillaceae|g__GGB4549	0.0	1.05488
k__Bacteria|p__Proteobacteria|c__Gammaproteobacteria|o__Enterobacterales|f__Enterobacteriaceae|g__GGB1380	0.0	1.01153
k__Bacteria|p__Firmicutes|c__Clostridia|o__Eubacteriales|f__Lachnospiraceae|g__Blautia	0.0	0.96906
k__Bacteria|p__Actinobacteria|c__Coriobacteriia|o__Coriobacteriales|f__Coriobacteriaceae|g__Collinsella	0.0	0.95067
k__Bacteria|p__Bacteroidetes|c__Bacteroidia|o__Bacteroidales|f__Prevotellaceae|g__Paraprevotella	0.0	0.86891
k__Bacteria|p__Firmicutes|c__Clostridia|o__Eubacteriales|f__Oscillospiraceae|g__Oscillibacter	0.0	0.86465
k__Bacteria|p__Firmicutes|c__Clostridia|o__Eubacteriales|f__Clostridiaceae|g__Clostridium	0.0	0.84213
k__Bacteria|p__Firmicutes|c__Bacilli|o__Lactobacillales|f__Lactobacillaceae|g__GGB4591	0.0	0.79294
k__Bacteria|p__Firmicutes|c__Clostridia|o__Eubacteriales|f__Lachnospiraceae|g__Anaerotignum	0.0	0.65133
k__Bacteria|p__Firmicutes|c__Clostridia|o__Eubacteriales|f__Peptostreptococcaceae|g__Terrisporobacter	0.0	0.64591
k__Bacteria|p__Proteobacteria|c__Alphaproteobacteria|o__Hyphomicrobiales|f__Brucellaceae|g__GGB15850	0.0	0.50046
k__Bacteria|p__Firmicutes|c__Clostridia|o__Eubacteriales|f__Oscillospiraceae|g__Oscillospiraceae_unclassified	0.0	0.47825
k__Bacteria|p__Proteobacteria|c__Betaproteobacteria|o__Burkholderiales|f__Oxalobacteraceae|g__Duganella	0.0	0.47681
k__Bacteria|p__Bacteroidetes|c__CFGB529|o__OFGB529|f__FGB529|g__GGB1096	0.0	0.46612
k__Bacteria|p__Firmicutes|c__Clostridia|o__Eubacteriales|f__Lachnospiraceae|g__Waltera	0.0	0.45055
k__Bacteria|p__Firmicutes|c__Clostridia|o__Eubacteriales|f__Oscillospiraceae|g__Dysosmobacter	0.0	0.43713
k__Bacteria|p__Firmicutes|c__Clostridia|o__Eubacteriales|f__Lachnospiraceae|g__Lachnospiraceae_unclassified	0.0	0.37986
k__Bacteria|p__Proteobacteria|c__Gammaproteobacteria|o__Pseudomonadales|f__Pseudomonadaceae|g__GGB9747	0.0	0.32942
k__Bacteria|p__Proteobacteria|c__Betaproteobacteria|o__Burkholderiales|f__Sutterellaceae|g__Sutterella	0.0	0.29553
k__Bacteria|p__Firmicutes|c__Firmicutes_unclassified|o__Firmicutes_unclassified|f__Firmicutes_unclassified|g__Firmicutes_unclassified	0.0	0.28557
k__Bacteria|p__Bacteroidetes|c__Bacteroidia|o__Bacteroidales|f__Odoribacteraceae|g__Odoribacter	0.0	0.26184
k__Bacteria|p__Firmicutes|c__Clostridia|o__Eubacteriales|f__Oscillospiraceae|g__GGB9708	0.0	0.17264
k__Bacteria|p__Firmicutes|c__Bacilli|o__Lactobacillales|f__Lactobacillaceae|g__GGB4546	0.0	0.16514
k__Bacteria|p__Firmicutes|c__CFGB1798|o__OFGB1798|f__FGB1798|g__GGB4769	0.0	0.16253
k__Bacteria|p__Firmicutes|c__CFGB73062|o__OFGB73062|f__FGB73062|g__GGB9059	0.0	0.15164
k__Bacteria|p__Firmicutes|c__CFGB2947|o__OFGB2947|f__FGB2947|g__GGB38716	0.0	0.06596
k__Bacteria|p__Firmicutes|c__CFGB76783|o__OFGB76783|f__FGB76783|g__GGB80011	0.0	0.05441
k__Bacteria|p__Firmicutes|c__Clostridia|o__Eubacteriales|f__Lachnospiraceae|g__Mediterraneibacter	0.0	0.03714
k__Bacteria|p__Bacteroidetes|c__Bacteroidia|o__Bacteroidales|f__Prevotellaceae|g__GGB1146|s__GGB1146_SGB1472	0.0	15.68394
k__Bacteria|p__Bacteroidetes|c__Bacteroidia|o__Bacteroidales|f__Prevotellaceae|g__Prevotella|s__Prevotella_stercorea	0.0	13.41301
k__Bacteria|p__Firmicutes|c__Bacilli|o__Lactobacillales|f__Streptococcaceae|g__Streptococcus|s__Streptococcus_lutetiensis	0.0	8.53201
k__Bacteria|p__Bacteroidetes|c__Bacteroidia|o__Bacteroidales|f__Prevotellaceae|g__Prevotella|s__Prevotella_copri_clade_B	0.0	8.24792
k__Bacteria|p__Firmicutes|c__CFGB1778|o__OFGB1778|f__FGB1778|g__GGB4713|s__GGB4713_SGB6526	0.0	3.30186
k__Bacteria|p__Bacteroidetes|c__Bacteroidia|o__Bacteroidales|f__Prevotellaceae|g__Prevotella|s__Prevotella_copri_clade_A	0.0	3.2418
k__Bacteria|p__Bacteroidetes|c__Bacteroidia|o__Bacteroidales|f__Prevotellaceae|g__GGB1247|s__GGB1247_SGB1668	0.0	3.19885
k__Bacteria|p__Firmicutes|c__Negativicutes|o__Veillonellales|f__Veillonellaceae|g__Dialister|s__Dialister_invisus	0.0	2.23926
k__Bacteria|p__Firmicutes|c__Clostridia|o__Eubacteriales|f__Oscillospiraceae|g__GGB9635|s__GGB9635_SGB15106	0.0	2.04671
k__Bacteria|p__Bacteroidetes|c__CFGB629|o__OFGB629|f__FGB629|g__GGB1495|s__GGB1495_SGB2071	0.0	1.98997
k__Bacteria|p__Firmicutes|c__Clostridia|o__Eubacteriales|f__Lachnospiraceae|g__Roseburia|s__Roseburia_inulinivorans	0.0	1.85484
k__Bacteria|p__Bacteroidetes|c__Bacteroidia|o__Bacteroidales|f__Bacteroidaceae|g__Phocaeicola|s__Phocaeicola_plebeius	0.0	1.61144
k__Bacteria|p__Spirochaetes|c__CFGB9016|o__OFGB9016|f__FGB9016|g__GGB10690|s__GGB10690_SGB17345	0.0	1.50487
k__Bacteria|p__Bacteroidetes|c__Bacteroidia|o__Bacteroidales|f__Prevotellaceae|g__Prevotella|s__Prevotella_marseillensis	0.0	1.46598
k__Bacteria|p__Bacteroidetes|c__Bacteroidia|o__Bacteroidales|f__Tannerellaceae|g__GGB1407|s__GGB1407_SGB1930	0.0	1.32254
k__Bacteria|p__Firmicutes|c__Clostridia|o__Eubacteriales|f__Clostridiaceae|g__Clostridiaceae_unclassified|s__Clostridiaceae_bacterium_Marseille_Q4149	0.0	1.06248
k__Bacteria|p__Firmicutes|c__Bacilli|o__Lactobacillales|f__Lactobacillaceae|g__GGB4549|s__GGB4549_SGB6271	0.0	1.05488
k__Bacteria|p__Proteobacteria|c__Gammaproteobacteria|o__Enterobacterales|f__Enterobacteriaceae|g__GGB1380|s__GGB1380_SGB1883	0.0	1.01153
k__Bacteria|p__Actinobacteria|c__Coriobacteriia|o__Coriobacteriales|f__Coriobacteriaceae|g__Collinsella|s__Collinsella_SGB47280	0.0	0.95067
k__Bacteria|p__Bacteroidetes|c__Bacteroidia|o__Bacteroidales|f__Prevotellaceae|g__Paraprevotella|s__Paraprevotella_clara	0.0	0.86891
k__Bacteria|p__Firmicutes|c__Clostridia|o__Eubacteriales|f__Oscillospiraceae|g__Oscillibacter|s__Oscillibacter_sp_ER4	0.0	0.86465
k__Bacteria|p__Firmicutes|c__Clostridia|o__Eubacteriales|f__Clostridiaceae|g__Clostridium|s__Clostridium_paraputrificum	0.0	0.82558
k__Bacteria|p__Firmicutes|c__Clostridia|o__Eubacteriales|f__Oscillospiraceae|g__Faecalibacterium|s__Faecalibacterium_SGB15346	0.0	0.79599
k__Bacteria|p__Firmicutes|c__Bacilli|o__Lactobacillales|f__Lactobacillaceae|g__GGB4591|s__GGB4591_SGB6350	0.0	0.79294
k__Bacteria|p__Firmicutes|c__Clostridia|o__Eubacteriales|f__Lachnospiraceae|g__Roseburia|s__Roseburia_faecis	0.0	0.7377
k__Bacteria|p__Firmicutes|c__Clostridia|o__Eubacteriales|f__Lachnospiraceae|g__Anaerotignum|s__Anaerotignum_faecicola	0.0	0.65133
k__Bacteria|p__Firmicutes|c__Clostridia|o__Eubacteriales|f__Peptostreptococcaceae|g__Terrisporobacter|s__Terrisporobacter_mayombei	0.0	0.64591
k__Bacteria|p__Firmicutes|c__Clostridia|o__Eubacteriales|f__Lachnospiraceae|g__Blautia|s__Blautia_wexlerae	0.0	0.55077
k__Bacteria|p__Proteobacteria|c__Alphaproteobacteria|o__Hyphomicrobiales|f__Brucellaceae|g__GGB15850|s__GGB15850_SGB5785	0.0	0.50046
k__Bacteria|p__Firmicutes|c__Clostridia|o__Eubacteriales|f__Oscillospiraceae|g__Oscillospiraceae_unclassified|s__Oscillospiraceae_unclassified_SGB15256	0.0	0.47825
k__Bacteria|p__Proteobacteria|c__Betaproteobacteria|o__Burkholderiales|f__Oxalobacteraceae|g__Duganella|s__Duganella_SGB14003	0.0	0.47681
k__Bacteria|p__Bacteroidetes|c__CFGB529|o__OFGB529|f__FGB529|g__GGB1096|s__GGB1096_SGB1408	0.0	0.46612
k__Bacteria|p__Firmicutes|c__Clostridia|o__Eubacteriales|f__Lachnospiraceae|g__Waltera|s__Waltera_intestinalis	0.0	0.45055
k__Bacteria|p__Firmicutes|c__Clostridia|o__Eubacteriales|f__Oscillospiraceae|g__Dysosmobacter|s__Dysosmobacter_sp_BX15	0.0	0.43713
k__Bacteria|p__Firmicutes|c__Clostridia|o__Eubacteriales|f__Lachnospiraceae|g__Blautia|s__Blautia_obeum	0.0	0.41829
k__Bacteria|p__Bacteroidetes|c__Bacteroidia|o__Bacteroidales|f__Rikenellaceae|g__Alistipes|s__Alistipes_shahii	0.0	0.36621
k__Bacteria|p__Proteobacteria|c__Gammaproteobacteria|o__Pseudomonadales|f__Pseudomonadaceae|g__GGB9747|s__GGB9747_SGB15355	0.0	0.32942
k__Bacteria|p__Proteobacteria|c__Betaproteobacteria|o__Burkholderiales|f__Sutterellaceae|g__Sutterella|s__Sutterella_wadsworthensis	0.0	0.29553
k__Bacteria|p__Firmicutes|c__Firmicutes_unclassified|o__Firmicutes_unclassified|f__Firmicutes_unclassified|g__Firmicutes_unclassified|s__Firmicutes_bacterium_AF16_15	0.0	0.28557
k__Bacteria|p__Firmicutes|c__Bacilli|o__Lactobacillales|f__Streptococcaceae|g__Streptococcus|s__Streptococcus_parasanguinis	0.0	0.27301
k__Bacteria|p__Bacteroidetes|c__Bacteroidia|o__Bacteroidales|f__Odoribacteraceae|g__Odoribacter|s__Odoribacter_splanchnicus	0.0	0.26184
k__Bacteria|p__Firmicutes|c__Clostridia|o__Eubacteriales|f__Lachnospiraceae|g__Lachnospiraceae_unclassified|s__Eubacterium_rectale	0.0	0.21124
k__Bacteria|p__Firmicutes|c__Clostridia|o__Eubacteriales|f__Oscillospiraceae|g__GGB9708|s__GGB9708_SGB15234	0.0	0.17264
k__Bacteria|p__Firmicutes|c__Bacilli|o__Lactobacillales|f__Lactobacillaceae|g__GGB4546|s__GGB4546_SGB6267	0.0	0.16514
k__Bacteria|p__Firmicutes|c__CFGB1798|o__OFGB1798|f__FGB1798|g__GGB4769|s__GGB4769_SGB6602	0.0	0.16253
k__Bacteria|p__Firmicutes|c__CFGB73062|o__OFGB73062|f__FGB73062|g__GGB9059|s__GGB9059_SGB13976	0.0	0.15164
k__Bacteria|p__Firmicutes|c__Bacilli|o__Lactobacillales|f__Streptococcaceae|g__Streptococcus|s__Streptococcus_gordonii	0.0	0.10963
k__Bacteria|p__Firmicutes|c__Clostridia|o__Eubacteriales|f__Lachnospiraceae|g__Lachnospiraceae_unclassified|s__Lachnospiraceae_bacterium_NSJ_12	0.0	0.10883
k__Bacteria|p__Firmicutes|c__CFGB2947|o__OFGB2947|f__FGB2947|g__GGB38716|s__GGB38716_SGB14237	0.0	0.06596
k__Bacteria|p__Firmicutes|c__Clostridia|o__Eubacteriales|f__Lachnospiraceae|g__Lachnospiraceae_unclassified|s__Lachnospiraceae_bacterium	0.0	0.05979
k__Bacteria|p__Firmicutes|c__Clostridia|o__Eubacteriales|f__Lachnospiraceae|g__Roseburia|s__Roseburia_sp_AF02_12	0.0	0.05653
k__Bacteria|p__Firmicutes|c__CFGB76783|o__OFGB76783|f__FGB76783|g__GGB80011|s__GGB80011_SGB15265	0.0	0.05441
k__Bacteria|p__Firmicutes|c__Clostridia|o__Eubacteriales|f__Lachnospiraceae|g__Mediterraneibacter|s__Ruminococcus_gnavus	0.0	0.03714
k__Bacteria|p__Firmicutes|c__Clostridia|o__Eubacteriales|f__Clostridiaceae|g__Clostridium|s__Clostridium_sp_NSJ_6	0.0	0.01655
k__Bacteria|p__Bacteroidetes|c__Bacteroidia|o__Bacteroidales|f__Prevotellaceae|g__GGB1146|s__GGB1146_SGB1472|t__SGB1472	0.0	15.68394
k__Bacteria|p__Bacteroidetes|c__Bacteroidia|o__Bacteroidales|f__Prevotellaceae|g__Prevotella|s__Prevotella_stercorea|t__SGB1679	0.0	13.41301
k__Bacteria|p__Firmicutes|c__Bacilli|o__Lactobacillales|f__Streptococcaceae|g__Streptococcus|s__Streptococcus_lutetiensis|t__SGB8021	0.0	8.53201
k__Bacteria|p__Bacteroidetes|c__Bacteroidia|o__Bacteroidales|f__Prevotellaceae|g__Prevotella|s__Prevotella_copri_clade_B|t__SGB1613	0.0	8.24792
k__Bacteria|p__Firmicutes|c__Clostridia|o__Eubacteriales|f__Oscillospiraceae|g__Faecalibacterium|s__Faecalibacterium_prausnitzii|t__SGB15332	0.0	3.68337
k__Bacteria|p__Firmicutes|c__CFGB1778|o__OFGB1778|f__FGB1778|g__GGB4713|s__GGB4713_SGB6526|t__SGB6526	0.0	3.30186
k__Bacteria|p__Bacteroidetes|c__Bacteroidia|o__Bacteroidales|f__Prevotellaceae|g__Prevotella|s__Prevotella_copri_clade_A|t__SGB1626	0.0	3.2418
k__Bacteria|p__Bacteroidetes|c__Bacteroidia|o__Bacteroidales|f__Prevotellaceae|g__GGB1247|s__GGB1247_SGB1668|t__SGB1668	0.0	3.19885
k__Bacteria|p__Firmicutes|c__Clostridia|o__Eubacteriales|f__Oscillospiraceae|g__Faecalibacterium|s__Faecalibacterium_prausnitzii|t__SGB15342	0.0	2.47261
k__Bacteria|p__Firmicutes|c__Negativicutes|o__Veillonellales|f__Veillonellaceae|g__Dialister|s__Dialister_invisus|t__SGB5825_group	0.0	2.23926
k__Bacteria|p__Firmicutes|c__Clostridia|o__Eubacteriales|f__Oscillospiraceae|g__GGB9635|s__GGB9635_SGB15106|t__SGB15106	0.0	2.04671
k__Bacteria|p__Bacteroidetes|c__CFGB629|o__OFGB629|f__FGB629|g__GGB1495|s__GGB1495_SGB2071|t__SGB2071	0.0	1.98997
k__Bacteria|p__Firmicutes|c__Clostridia|o__Eubacteriales|f__Lachnospiraceae|g__Roseburia|s__Roseburia_inulinivorans|t__SGB4940	0.0	1.85484
k__Bacteria|p__Firmicutes|c__Clostridia|o__Eubacteriales|f__Oscillospiraceae|g__Faecalibacterium|s__Faecalibacterium_prausnitzii|t__SGB15316	0.0	1.61184
k__Bacteria|p__Bacteroidetes|c__Bacteroidia|o__Bacteroidales|f__Bacteroidaceae|g__Phocaeicola|s__Phocaeicola_plebeius|t__SGB1903	0.0	1.61144
k__Bacteria|p__Spirochaetes|c__CFGB9016|o__OFGB9016|f__FGB9016|g__GGB10690|s__GGB10690_SGB17345|t__SGB17345	0.0	1.50487
k__Bacteria|p__Bacteroidetes|c__Bacteroidia|o__Bacteroidales|f__Prevotellaceae|g__Prevotella|s__Prevotella_marseillensis|t__SGB1588	0.0	1.46598
k__Bacteria|p__Bacteroidetes|c__Bacteroidia|o__Bacteroidales|f__Tannerellaceae|g__GGB1407|s__GGB1407_SGB1930|t__SGB1930	0.0	1.32254
k__Bacteria|p__Firmicutes|c__Clostridia|o__Eubacteriales|f__Oscillospiraceae|g__Faecalibacterium|s__Faecalibacterium_prausnitzii|t__SGB15318	0.0	1.17694
k__Bacteria|p__Firmicutes|c__Clostridia|o__Eubacteriales|f__Clostridiaceae|g__Clostridiaceae_unclassified|s__Clostridiaceae_bacterium_Marseille_Q4149|t__SGB15091	0.0	1.06248
k__Bacteria|p__Firmicutes|c__Bacilli|o__Lactobacillales|f__Lactobacillaceae|g__GGB4549|s__GGB4549_SGB6271|t__SGB6271	0.0	1.05488
k__Bacteria|p__Proteobacteria|c__Gammaproteobacteria|o__Enterobacterales|f__Enterobacteriaceae|g__GGB1380|s__GGB1380_SGB1883|t__SGB1883	0.0	1.01153
k__Bacteria|p__Actinobacteria|c__Coriobacteriia|o__Coriobacteriales|f__Coriobacteriaceae|g__Collinsella|s__Collinsella_SGB47280|t__SGB47280	0.0	0.95067
k__Bacteria|p__Bacteroidetes|c__Bacteroidia|o__Bacteroidales|f__Prevotellaceae|g__Paraprevotella|s__Paraprevotella_clara|t__SGB1798	0.0	0.86891
k__Bacteria|p__Firmicutes|c__Clostridia|o__Eubacteriales|f__Oscillospiraceae|g__Oscillibacter|s__Oscillibacter_sp_ER4|t__SGB15254	0.0	0.86465
k__Bacteria|p__Firmicutes|c__Clostridia|o__Eubacteriales|f__Clostridiaceae|g__Clostridium|s__Clostridium_paraputrificum|t__SGB6187	0.0	0.82558
k__Bacteria|p__Firmicutes|c__Clostridia|o__Eubacteriales|f__Oscillospiraceae|g__Faecalibacterium|s__Faecalibacterium_SGB15346|t__SGB15346	0.0	0.79599
k__Bacteria|p__Firmicutes|c__Bacilli|o__Lactobacillales|f__Lactobacillaceae|g__GGB4591|s__GGB4591_SGB6350|t__SGB6350	0.0	0.79294
k__Bacteria|p__Firmicutes|c__Clostridia|o__Eubacteriales|f__Lachnospiraceae|g__Roseburia|s__Roseburia_faecis|t__SGB4925	0.0	0.7377
k__Bacteria|p__Firmicutes|c__Clostridia|o__Eubacteriales|f__Lachnospiraceae|g__Anaerotignum|s__Anaerotignum_faecicola|t__SGB5190	0.0	0.65133
k__Bacteria|p__Firmicutes|c__Clostridia|o__Eubacteriales|f__Peptostreptococcaceae|g__Terrisporobacter|s__Terrisporobacter_mayombei|t__SGB65115	0.0	0.64591
k__Bacteria|p__Firmicutes|c__Clostridia|o__Eubacteriales|f__Lachnospiraceae|g__Blautia|s__Blautia_wexlerae|t__SGB4837	0.0	0.55077
k__Bacteria|p__Proteobacteria|c__Alphaproteobacteria|o__Hyphomicrobiales|f__Brucellaceae|g__GGB15850|s__GGB15850_SGB5785|t__SGB5785	0.0	0.50046
k__Bacteria|p__Firmicutes|c__Clostridia|o__Eubacteriales|f__Oscillospiraceae|g__Oscillospiraceae_unclassified|s__Oscillospiraceae_unclassified_SGB15256|t__SGB15256	0.0	0.47825
k__Bacteria|p__Proteobacteria|c__Betaproteobacteria|o__Burkholderiales|f__Oxalobacteraceae|g__Duganella|s__Duganella_SGB14003|t__SGB14003	0.0	0.47681
k__Bacteria|p__Bacteroidetes|c__CFGB529|o__OFGB529|f__FGB529|g__GGB1096|s__GGB1096_SGB1408|t__SGB1408	0.0	0.46612
k__Bacteria|p__Firmicutes|c__Clostridia|o__Eubacteriales|f__Lachnospiraceae|g__Waltera|s__Waltera_intestinalis|t__SGB4910	0.0	0.45055
k__Bacteria|p__Firmicutes|c__Clostridia|o__Eubacteriales|f__Oscillospiraceae|g__Dysosmobacter|s__Dysosmobacter_sp_BX15|t__SGB15053	0.0	0.43713
k__Bacteria|p__Firmicutes|c__Clostridia|o__Eubacteriales|f__Lachnospiraceae|g__Blautia|s__Blautia_obeum|t__SGB4811	0.0	0.41829
k__Bacteria|p__Bacteroidetes|c__Bacteroidia|o__Bacteroidales|f__Rikenellaceae|g__Alistipes|s__Alistipes_shahii|t__SGB2295	0.0	0.36621
k__Bacteria|p__Proteobacteria|c__Gammaproteobacteria|o__Pseudomonadales|f__Pseudomonadaceae|g__GGB9747|s__GGB9747_SGB15355|t__SGB15355	0.0	0.32942
k__Bacteria|p__Proteobacteria|c__Betaproteobacteria|o__Burkholderiales|f__Sutterellaceae|g__Sutterella|s__Sutterella_wadsworthensis|t__SGB9286	0.0	0.29553
k__Bacteria|p__Firmicutes|c__Firmicutes_unclassified|o__Firmicutes_unclassified|f__Firmicutes_unclassified|g__Firmicutes_unclassified|s__Firmicutes_bacterium_AF16_15|t__SGB4993	0.0	0.28557
k__Bacteria|p__Firmicutes|c__Bacilli|o__Lactobacillales|f__Streptococcaceae|g__Streptococcus|s__Streptococcus_parasanguinis|t__SGB8071	0.0	0.27301
k__Bacteria|p__Bacteroidetes|c__Bacteroidia|o__Bacteroidales|f__Odoribacteraceae|g__Odoribacter|s__Odoribacter_splanchnicus|t__SGB1790	0.0	0.26184
k__Bacteria|p__Firmicutes|c__Clostridia|o__Eubacteriales|f__Lachnospiraceae|g__Lachnospiraceae_unclassified|s__Eubacterium_rectale|t__SGB4933	0.0	0.21124
k__Bacteria|p__Firmicutes|c__Clostridia|o__Eubacteriales|f__Oscillospiraceae|g__GGB9708|s__GGB9708_SGB15234|t__SGB15234	0.0	0.17264
k__Bacteria|p__Firmicutes|c__Bacilli|o__Lactobacillales|f__Lactobacillaceae|g__GGB4546|s__GGB4546_SGB6267|t__SGB6267	0.0	0.16514
k__Bacteria|p__Firmicutes|c__CFGB1798|o__OFGB1798|f__FGB1798|g__GGB4769|s__GGB4769_SGB6602|t__SGB6602	0.0	0.16253
k__Bacteria|p__Firmicutes|c__CFGB73062|o__OFGB73062|f__FGB73062|g__GGB9059|s__GGB9059_SGB13976|t__SGB13976	0.0	0.15164
k__Bacteria|p__Firmicutes|c__Bacilli|o__Lactobacillales|f__Streptococcaceae|g__Streptococcus|s__Streptococcus_gordonii|t__SGB8053	0.0	0.10963
k__Bacteria|p__Firmicutes|c__Clostridia|o__Eubacteriales|f__Lachnospiraceae|g__Lachnospiraceae_unclassified|s__Lachnospiraceae_bacterium_NSJ_12|t__SGB6077	0.0	0.10883
k__Bacteria|p__Firmicutes|c__CFGB2947|o__OFGB2947|f__FGB2947|g__GGB38716|s__GGB38716_SGB14237|t__SGB14237	0.0	0.06596
k__Bacteria|p__Firmicutes|c__Clostridia|o__Eubacteriales|f__Lachnospiraceae|g__Lachnospiraceae_unclassified|s__Lachnospiraceae_bacterium|t__SGB4922	0.0	0.05979
k__Bacteria|p__Firmicutes|c__Clostridia|o__Eubacteriales|f__Lachnospiraceae|g__Roseburia|s__Roseburia_sp_AF02_12|t__SGB4938	0.0	0.05653
k__Bacteria|p__Firmicutes|c__CFGB76783|o__OFGB76783|f__FGB76783|g__GGB80011|s__GGB80011_SGB15265|t__SGB15265	0.0	0.05441
k__Bacteria|p__Firmicutes|c__Clostridia|o__Eubacteriales|f__Lachnospiraceae|g__Mediterraneibacter|s__Ruminococcus_gnavus|t__SGB4584	0.0	0.03714
k__Bacteria|p__Firmicutes|c__Clostridia|o__Eubacteriales|f__Clostridiaceae|g__Clostridium|s__Clostridium_sp_NSJ_6|t__SGB29097	0.0	0.01655
